http://localhost2/kinsta/individual?,2021/03/04-17:06:57,0
<<<<<<< Updated upstream
http://localhost2/iine/iine1.html,2021/03/19-22:11:03,1
=======
http://localhost2/iine/iine1.html,2021/03/20-15:26:10,3
>>>>>>> Stashed changes
http://localhost/iine/iine1.html,2021/03/04-19:05:16,1
http://localhost/iine/iine2.html,2021/03/04-19:05:23,1
http://localhost2/iine/iine3.html,2021/03/18-00:05:23,0
http://localhost2/iine/iine2.html,2021/03/18-00:05:23,0
http://localhost2/iine/iine4.html,2021/03/18-00:05:24,1
http://localhost2/iine/iine5.html,2021/03/18-00:05:24,1
